{
  "Container": {
    "Type": "Multiple",
    "Containers": [
      {
        "Type": "Choice",
        "Weight": 100,
        "Containers": [
          {
            "Type": "Single",
            "Item": {
              "ItemId": "Rock_Stone_Cobble",
              "QuantityMin": 25,
              "QuantityMax": 25
            }
          }
        ]
      },
      {
        "Type": "Choice",
        "Weight": 100,
        "Containers": [
          {
            "Type": "Single",
            "Item": {
              "ItemId": "Ingredient_Crystal_Red",
              "QuantityMin": 15,
              "QuantityMax": 15
            }
          }
        ]
      },
      {
        "Type": "Choice",
        "Weight": 100,
        "Containers": [
          {
            "Type": "Single",
            "Item": {
              "ItemId": "Ingredient_Fabric_Scrap_Cindercloth",
              "QuantityMin": 2,
              "QuantityMax": 6
            }
          }
        ]
      },
      {
        "Type": "Choice",
        "Weight": 75,
        "Containers": [
          {
            "Type": "Single",
            "Item": {
              "ItemId": "Ingredient_Hide_Light",
              "QuantityMin": 2,
              "QuantityMax": 6
            }
          }
        ]
      },
      {
        "Type": "Choice",
        "Weight": 50,
        "Containers": [
          {
            "Type": "Single",
            "Item": {
              "ItemId": "Ingredient_Hide_Medium",
              "QuantityMin": 2,
              "QuantityMax": 6
            }
          }
        ]
      }
    ]
  }
}
