{
  "Container": {
    "Type": "Multiple",
    "Containers": [
      {
        "Type": "Single",
        "Item": {
          "ItemId": "Plant_Crop_Wheat_Item",
          "QuantityMin": 1,
          "QuantityMax": 5
        }
      },
      {
        "Type": "Single",
        "Item": {
          "ItemId": "Ingredient_Life_Essence",
          "QuantityMin": 2,
          "QuantityMax": 6
        }
      },
      {
        "Type": "Single",
        "Item": {
          "ItemId": "Plant_Seeds_Wheat_Eternal",
          "QuantityMin": 1,
          "QuantityMax": 2
        },
        "Weight": 8
      },
      {
        "Type": "Single",
        "Item": {
          "ItemId": "Plant_Seeds_Wheat",
          "QuantityMin": 1,
          "QuantityMax": 2
        },
        "Weight": 8
      }
    ]
  }
}
