{
  "Container": {
    "Type": "Multiple",
    "Containers": [
      {
        "Type": "Choice",
        "Weight": 100,
        "Containers": [
          {
            "Type": "Single",
            "Item": {
              "ItemId": "Ingredient_Bone_Fragment",
              "QuantityMin": 1,
              "QuantityMax": 2
            }
          }
        ]
      },
      {
        "Type": "Choice",
        "Weight": 100,
        "Containers": [
          {
            "Type": "Single",
            "Item": {
              "ItemId": "Ingredient_Fabric_Scrap_Linen",
              "QuantityMin": 1,
              "QuantityMax": 3
            }
          }
        ]
      },
      {
        "Type": "Choice",
        "Weight": 25,
        "Containers": [
          {
            "Type": "Single",
            "Item": {
              "ItemId": "Weapon_Arrow_Crude",
              "QuantityMin": 15,
              "QuantityMax": 15
            }
          }
        ]
      },
      {
        "Type": "Choice",
        "Weight": 10,
        "Containers": [
          {
            "Type": "Single",
            "Item": {
              "ItemId": "Weapon_Shortbow_Crude"
            }
          }
        ]
      },
      {
        "Type": "Choice",
        "Weight": 75,
        "Containers": [
          {
            "Type": "Single",
            "Item": {
              "ItemId": "Ingredient_Hide_Light",
              "QuantityMin": 2,
              "QuantityMax": 6
            }
          }
        ]
      },
      {
        "Type": "Choice",
        "Weight": 50,
        "Containers": [
          {
            "Type": "Single",
            "Item": {
              "ItemId": "Ingredient_Hide_Medium",
              "QuantityMin": 2,
              "QuantityMax": 6
            }
          }
        ]
      },
      {
        "Type": "Choice",
        "Weight": 50,
        "Containers": [
          {
            "Type": "Single",
            "Item": {
              "ItemId": "Ore_Gold",
              "QuantityMin": 1,
              "QuantityMax": 2
            }
          }
        ]
      },
      {
        "Type": "Choice",
        "Weight": 50,
        "Containers": [
          {
            "Type": "Single",
            "Item": {
              "ItemId": "Ore_Silver",
              "QuantityMin": 1,
              "QuantityMax": 2
            }
          }
        ]
      }
    ]
  }
}
