{
  "Container": {
    "Type": "Multiple",
    "Containers": [
      {
        "Type": "Choice",
        "Weight": 100,
        "Containers": [
          {
            "Type": "Single",
            "Item": {
              "ItemId": "Ingredient_Fabric_Scrap_Cindercloth",
              "QuantityMin": 1,
              "QuantityMax": 3
            }
          }
        ]
      },
      {
        "Type": "Choice",
        "Weight": 100,
        "Containers": [
          {
            "Type": "Single",
            "Item": {
              "ItemId": "Ingredient_Fire_Essence",
              "QuantityMin": 1,
              "QuantityMax": 2
            }
          }
        ]
      },
      {
        "Type": "Choice",
        "Weight": 5,
        "Containers": [
          {
            "Weight": 25,
            "Type": "Single",
            "Item": {
              "ItemId": "Armor_Steel_Ancient_Head",
              "QuantityMin": 1,
              "QuantityMax": 1
            }
          },
          {
            "Weight": 25,
            "Type": "Single",
            "Item": {
              "ItemId": "Armor_Steel_Ancient_Chest",
              "QuantityMin": 1,
              "QuantityMax": 1
            }
          },
          {
            "Weight": 25,
            "Type": "Single",
            "Item": {
              "ItemId": "Armor_Steel_Ancient_Hands",
              "QuantityMin": 1,
              "QuantityMax": 1
            }
          },
          {
            "Weight": 25,
            "Type": "Single",
            "Item": {
              "ItemId": "Armor_Steel_Ancient_Legs",
              "QuantityMin": 1,
              "QuantityMax": 1
            }
          }
        ]
      },
      {
        "Type": "Choice",
        "Weight": 10,
        "Containers": [
          {
            "Weight": 50,
            "Type": "Single",
            "Item": {
            "ItemId": "Weapon_Sword_Steel_Rusty"
            }
          },
          {
            "Weight": 50,
            "Type": "Single",
            "Item": {
              "ItemId": "Weapon_Shield_Rusty"
            }
          }
        ]
      },
      {
        "Type": "Choice",
        "Weight": 75,
        "Containers": [
          {
            "Type": "Single",
            "Item": {
              "ItemId": "Ingredient_Hide_Light",
              "QuantityMin": 2,
              "QuantityMax": 6
            }
          }
        ]
      },
      {
        "Type": "Choice",
        "Weight": 50,
        "Containers": [
          {
            "Type": "Single",
            "Item": {
              "ItemId": "Ingredient_Hide_Medium",
              "QuantityMin": 2,
              "QuantityMax": 6
            }
          }
        ]
      },
      {
        "Type": "Choice",
        "Weight": 50,
        "Containers": [
          {
            "Type": "Single",
            "Item": {
              "ItemId": "Ore_Gold",
              "QuantityMin": 1,
              "QuantityMax": 2
            }
          }
        ]
      },
      {
        "Type": "Choice",
        "Weight": 50,
        "Containers": [
          {
            "Type": "Single",
            "Item": {
              "ItemId": "Ore_Silver",
              "QuantityMin": 1,
              "QuantityMax": 2
            }
          }
        ]
      }
    ]
  }
}
