{
  "Container": {
    "Type": "Multiple",
    "Containers": [
      {
        "Type": "Choice",
        "Weight": 100,
        "Containers": [
          {
            "Type": "Single",
            "Weight": 75,
            "Item": {
              "ItemId": "Ore_Copper",
              "QuantityMin": 1,
              "QuantityMax": 2
            }
          },
          {
            "Type": "Single",
            "Weight": 25,
            "Item": {
              "ItemId": "Ore_Iron",
              "QuantityMin": 1,
              "QuantityMax": 2
            }
          }
        ]
      }
    ]
  }
}
