{
  "Container": {
    "Type": "Multiple",
    "Containers": [
      {
        "Type": "Single",
        "Item": {
          "ItemId": "Plant_Crop_Rice_Item",
          "QuantityMin": 1,
          "QuantityMax": 5
        }
      },
      {
        "Type": "Single",
        "Weight": 100.0,
        "Item": {
          "ItemId": "Ingredient_Life_Essence",
          "QuantityMin": 7,
          "QuantityMax": 10
        }
      },
      {
        "Type": "Single",
        "Weight": 2,
        "Item": {
          "ItemId": "Plant_Seeds_Rice_Eternal",
          "QuantityMin": 1,
          "QuantityMax": 2
        }
      },
      {
        "Type": "Single",
        "Weight": 2,
        "Item": {
          "ItemId": "Plant_Seeds_Rice",
          "QuantityMin": 1,
          "QuantityMax": 3
        }
      }
    ]
  }
}
