{
  "Container": {
    "Type": "Multiple",
    "Containers": [
      {
        "Type": "Choice",
        "Weight": 100,
        "Containers": [
          {
            "Type": "Single",
            "Weight": 50,
            "Item": {
              "ItemId": "Food_Wildmeat_Raw",
              "QuantityMin": 1,
              "QuantityMax": 4
            }
          },
          {
            "Type": "Single",
            "Weight": 50,
            "Item": {
              "ItemId": "Food_Chicken_Raw",
              "QuantityMin": 2,
              "QuantityMax": 2
            }
          }
        ]
      },
      {
        "Type": "Choice",
        "Weight": 25,
        "Containers": [
          {
            "Type": "Single",
            "Weight": 75,
            "Item": {
              "ItemId": "Ingredient_Bar_Iron",
              "QuantityMin": 1,
              "QuantityMax": 2
            }
          },
          {
            "Type": "Single",
            "Weight": 25,
            "Item": {
              "ItemId": "Ingredient_Bar_Cobalt",
              "QuantityMin": 1,
              "QuantityMax": 2
            }
          }
        ]
      },
      {
        "Type": "Choice",
        "Weight": 10,
        "Containers": [
          {
            "Type": "Single",
            "Item": {
              "ItemId": "Potion_Health"
            }
          }
        ]
      },
      {
        "Type": "Choice",
        "Weight": 5,
        "Containers": [
          {
            "Type": "Single",
            "Item": {
              "ItemId": "Potion_Regen_Health"
            }
          }
        ]
      },
      {
        "Type": "Choice",
        "Weight": 0.1,
        "Containers": [
          {
            "Type": "Single",
            "Item": {
              "ItemId": "Weapon_Sword_Doomed",
              "QuantityMin": 1,
              "QuantityMax": 4
            }
          }
        ]
      },
      {
        "Type": "Choice",
        "Weight": 75,
        "Containers": [
          {
            "Type": "Single",
            "Item": {
              "ItemId": "Ingredient_Hide_Light",
              "QuantityMin": 2,
              "QuantityMax": 6
            }
          }
        ]
      },
      {
        "Type": "Choice",
        "Weight": 50,
        "Containers": [
          {
            "Type": "Single",
            "Item": {
              "ItemId": "Ingredient_Hide_Medium",
              "QuantityMin": 2,
              "QuantityMax": 6
            }
          }
        ]
      }
    ]
  }
}
