{
  "Container": {
    "Type": "Multiple",
    "Containers": [
      {
        "Type": "Single",
        "Item": {
          "ItemId": "Plant_Crop_Tomato_Item",
          "QuantityMax": 5,
          "QuantityMin": 1
        }
      },
      {
        "Type": "Single",
        "Weight": 100,
        "Item": {
          "ItemId": "Ingredient_Life_Essence",
          "QuantityMin": 6,
          "QuantityMax": 10
        }
      },
      {
        "Type": "Single",
        "Weight": 9,
        "Item": {
          "ItemId": "Plant_Seeds_Tomato_Eternal",
          "QuantityMin": 1,
          "QuantityMax": 2
        }
      },
      {
        "Type": "Single",
        "Weight": 9,
        "Item": {
          "ItemId": "Plant_Seeds_Tomato",
          "QuantityMin": 1,
          "QuantityMax": 2
        }
      }
    ]
  }
}
