{
  "Container": {
    "Type": "Multiple",
    "Containers": [
      {
        "Type": "Single",
        "Item": {
          "ItemId": "Plant_Crop_Pumpkin_Item"
        }
      },
      {
        "Type": "Single",
        "Item": {
          "ItemId": "Ingredient_Life_Essence",
          "QuantityMin": 5,
          "QuantityMax": 9
        }
      },
      {
        "Type": "Single",
        "Weight": 14,
        "Item": {
          "ItemId": "Plant_Seeds_Pumpkin_Eternal",
          "QuantityMin": 1,
          "QuantityMax": 2
        }
      },
      {
        "Type": "Single",
        "Weight": 14,
        "Item": {
          "ItemId": "Plant_Seeds_Pumpkin",
          "QuantityMin": 1,
          "QuantityMax": 3
        }
      }
    ]
  }
}
