{
  "Container": {
    "Type": "Multiple",
    "Containers": [
      {
        "Type": "Choice",
        "Weight": 15,
        "Containers": [
          {
            "Type": "Single",
            "Item": {
              "ItemId": "Weapon_Mace_Scrap"
            }
          }
        ]
      },
      {
        "Type": "Choice",
        "Weight": 100,
        "Containers": [
          {
            "Type": "Single",
            "Item": {
              "ItemId": "Ingredient_Fabric_Scrap_Linen",
              "QuantityMin": 1,
              "QuantityMax": 3
            }
          }
        ]
      }
    ]
  }
}
