{
  "Container": {
    "Type": "Multiple",
    "Containers": [
      {
        "Type": "Single",
        "Weight": 100,
        "Item": {
          "ItemId": "Plant_Crop_Cauliflower_Item",
          "QuantityMin": 1,
          "QuantityMax": 2
        }
      },
      {
        "Type": "Single",
        "Weight": 100,
        "Item": {
          "ItemId": "Ingredient_Life_Essence",
          "QuantityMin": 3,
          "QuantityMax": 7
        }
      },
      {
        "Type": "Single",
        "Weight": 10,
        "Item": {
          "ItemId": "Plant_Seeds_Cauliflower_Eternal",
          "QuantityMin": 1,
          "QuantityMax": 2
        }
      }
    ]
  }
}
