{
  "Container": {
    "Type": "Multiple",
    "Containers": [
      {
        "Type": "Single",
        "Item": {
          "ItemId": "Plant_Crop_Cauliflower_Item"
        }
      },
      {
        "Type": "Single",
        "Weight": 100,
        "Item": {
          "ItemId": "Ingredient_Life_Essence",
          "QuantityMin": 3,
          "QuantityMax": 4
        }
      },
      {
        "Type": "Single",
        "Item": {
          "ItemId": "Plant_Seeds_Cauliflower_Eternal"
        }
      }
    ]
  }
}
