{
  "Container": {
    "Type": "Multiple",
    "Containers": [
      {
        "Type": "Single",
        "Item": {
          "ItemId": "Plant_Crop_Cotton_Item",
          "QuantityMin": 1,
          "QuantityMax": 3
        }
      },
      {
        "Type": "Single",
        "Item": {
          "ItemId": "Ingredient_Life_Essence",
          "QuantityMin": 7,
          "QuantityMax": 8
        }
      },
      {
        "Type": "Single",
        "Weight": 4,
        "Item": {
          "ItemId": "Plant_Seeds_Cotton_Eternal",
          "QuantityMin": 1,
          "QuantityMax": 1
        }
      },
      {
        "Type": "Single",
        "Weight": 4,
        "Item": {
          "ItemId": "Plant_Seeds_Cotton",
          "QuantityMin": 1,
          "QuantityMax": 1
        }
      }
    ]
  }
}
