{
  "Container": {
    "Type": "Multiple",
    "Containers": [
      {
        "Type": "Choice",
        "Weight": 100,
        "Containers": [
          {
            "Type": "Single",
            "Item": {
              "ItemId": "Ingredient_Fabric_Scrap_Shadoweave",
              "QuantityMin": 1,
              "QuantityMax": 4
            }
          }
        ]
      },
      {
        "Type": "Choice",
        "Weight": 100,
        "Containers": [
          {
            "Type": "Single",
            "Item": {
              "ItemId": "Ingredient_Void_Essence",
              "QuantityMin": 1,
              "QuantityMax": 2
            }
          }
        ]
      },
      {
        "Type": "Choice",
        "Weight": 15,
        "Containers": [
          {
            "Type": "Single",
            "Item": {
              "ItemId": "Weapon_Daggers_Doomed"
            }
          }
        ]
      }
    ]
  }
}
