{
  "Container": {
    "Type": "Multiple",
    "Containers": [
      {
        "Type": "Single",
        "Item": {
          "ItemId": "Plant_Crop_Onion_Item",
          "QuantityMin": 2,
          "QuantityMax": 4
        }
      },
      {
        "Type": "Single",
        "Weight": 100.0,
        "Item": {
          "ItemId": "Ingredient_Life_Essence",
          "QuantityMin": 8,
          "QuantityMax": 11
        }
      },
      {
        "Type": "Single",
        "Weight": 5,
        "Item": {
          "ItemId": "Plant_Seeds_Onion_Eternal",
          "QuantityMin": 1,
          "QuantityMax": 2
        }
      },
      {
        "Type": "Single",
        "Weight": 5,
        "Item": {
          "ItemId": "Plant_Seeds_Onion",
          "QuantityMin": 1,
          "QuantityMax": 2
        }
      }
    ]
  }
}
