{
  "Container": {
    "Type": "Multiple",
    "Containers": [
      {
        "Type": "Single",
        "Item": {
          "ItemId": "Plant_Crop_Turnip_Item"
        }
      },
      {
        "Type": "Single",
        "Item": {
          "ItemId": "Ingredient_Life_Essence",
          "QuantityMin": 4,
          "QuantityMax": 7
        }
      },
      {
        "Type": "Single",
        "Weight": 7,
        "Item": {
          "ItemId": "Plant_Seeds_Turnip_Eternal",
          "QuantityMin": 1,
          "QuantityMax": 2
        }
      },
      {
        "Type": "Single",
        "Weight": 7,
        "Item": {
          "ItemId": "Plant_Seeds_Turnip",
          "QuantityMin": 1,
          "QuantityMax": 2
        }
      }
    ]
  }
}
