{
  "Container": {
    "Type": "Multiple",
    "Containers": [
      {
        "Type": "Single",
        "Weight": 100.0,
        "Item": {
          "ItemId": "Plant_Crop_Carrot_Item",
          "QuantityMin": 1,
          "QuantityMax": 3
        }
      },
      {
        "Type": "Single",
        "Weight": 100.0,
        "Item": {
          "ItemId": "Ingredient_Life_Essence",
          "QuantityMin": 3,
          "QuantityMax": 9
        }
      },
      {
        "Type": "Single",
        "Item": {
          "ItemId": "Plant_Seeds_Carrot_Eternal",
          "QuantityMin": 1,
          "QuantityMax": 2
        },
        "Weight": 20
      },
      {
        "Type": "Single",
        "Item": {
          "ItemId": "Plant_Seeds_Carrot",
          "QuantityMin": 1,
          "QuantityMax": 2
        },
        "Weight": 20
      }
    ]
  }
}
