{
  "Container": {
    "Type": "Multiple",
    "Containers": [
      {
        "Type": "Single",
        "Item": {
          "ItemId": "Plant_Crop_Aubergine_Item"
        }
      },
      {
        "Type": "Single",
        "Item": {
          "ItemId": "Ingredient_Life_Essence",
          "QuantityMin": 5,
          "QuantityMax": 12
        }
      },
      {
        "Type": "Single",
        "Weight": 5,
        "Item": {
          "ItemId": "Plant_Seeds_Aubergine_Eternal",
          "QuantityMin": 1,
          "QuantityMax": 2
        }
      },
      {
        "Type": "Single",
        "Weight": 5,
        "Item": {
          "ItemId": "Plant_Seeds_Aubergine",
          "QuantityMin": 1,
          "QuantityMax": 2
        }
      }
    ]
  }
}