{
  "Container": {
    "Type": "Multiple",
    "Containers": [
      {
        "Type": "Single",
        "Item": {
          "ItemId": "Plant_Fruit_Berries_Red",
          "QuantityMin": 1,
          "QuantityMax": 3
        }
      },
      {
        "Type": "Single",
        "Item": {
          "ItemId": "Plant_Fruit_Berries_Red",
          "QuantityMin": 1,
          "QuantityMax": 3
        },
        "Weight": 25.0
      },
      {
        "Type": "Single",
        "Item": {
          "ItemId": "Ingredient_Life_Essence",
          "QuantityMin": 1,
          "QuantityMax": 8
        },
        "Weight": 50
      },
      {
        "Type": "Single",
        "Weight": 20,
        "Item": {
          "ItemId": "Ingredient_Stick"
        }
      }
    ]
  }
}