{
  "Container": {
    "Type": "Multiple",
    "Containers": [
      {
        "Type": "Multiple",
        "Weight": 100,
        "Containers": [
          {
            "Type": "Single",
            "Item": {
              "ItemId": "Ingredient_Fibre",
              "QuantityMin": 6,
              "QuantityMax": 9
            }
          },
          {
            "Type": "Single",
            "Item": {
              "ItemId": "Ingredient_Life_Essence",
              "QuantityMin": 0,
              "QuantityMax": 1
            }
          }
        ]
      }
    ]
  }
}
