{
  "Container": {
    "Type": "Multiple",
    "Containers": [
      {
        "Type": "Choice",
        "Weight": 100,
        "Containers": [
          {
            "Type": "Single",
            "Item": {
              "ItemId": "Ingredient_Fabric_Scrap_Wool",
              "QuantityMin": 1,
              "QuantityMax": 3
            }
          }
        ]
      },
      {
        "Type": "Single",
        "Item": {
          "ItemId": "Ingredient_Poop",
          "QuantityMin": 0,
          "QuantityMax": 1
        }
      }
    ]
  }
}
