{
  "Container": {
    "Type": "Multiple",
    "Containers": [
      {
        "Type": "Single",
        "Weight": 100,
        "Item": {
          "ItemId": "Food_Wildmeat_Raw",
          "QuantityMin": 1,
          "QuantityMax": 2
        }
      },
      {
        "Type": "Single",
        "Weight": 100,
        "Item": {
          "ItemId": "Ingredient_Hide_Light",
          "QuantityMin": 1,
          "QuantityMax": 1
        }
      },
      {
        "Type": "Single",
        "Weight": 100,
        "Item": {
          "ItemId": "Ingredient_Fabric_Scrap_Wool",
          "QuantityMin": 2,
          "QuantityMax": 5
        }
      },
      {
        "Type": "Choice",
        "Weight": 75,
        "Containers": [
          {
            "Type": "Single",
            "Item": {
              "ItemId": "Ingredient_Hide_Light",
              "QuantityMin": 2,
              "QuantityMax": 6
            }
          }
        ]
      },
      {
        "Type": "Choice",
        "Weight": 50,
        "Containers": [
          {
            "Type": "Single",
            "Item": {
              "ItemId": "Ingredient_Hide_Medium",
              "QuantityMin": 2,
              "QuantityMax": 6
            }
          }
        ]
      }
    ]
  }
}
