{
  "Container": {
    "Type": "Choice",
    "Containers": [
      {
        "Weight": 33,
        "Type": "Single",
        "Item": {
          "ItemId": "Weapon_Sword_Scrap",
          "QuantityMin": 1,
          "QuantityMax": 1
        }
      },
      {
        "Weight": 34,
        "Type": "Single",
        "Item": {
          "ItemId": "Weapon_Club_Iron_Rusty",
          "QuantityMin": 1,
          "QuantityMax": 1
        }
      },
      {
        "Weight": 33,
        "Type": "Single",
        "Item": {
          "ItemId": "Weapon_Sword_Steel_Rusty",
          "QuantityMin": 1,
          "QuantityMax": 1
        }
      }
    ]
  }
}
