{
  "Container": {
    "Type": "Multiple",
    "Containers": [
      {
        "Type": "Single",
        "Item": {
          "ItemId": "Plant_Crop_Lettuce_Item"
        }
      },
      {
        "Type": "Single",
        "Weight": 100,
        "Item": {
          "ItemId": "Ingredient_Life_Essence",
          "QuantityMin": 1,
          "QuantityMax": 2
        }
      },
      {
        "Type": "Single",
        "Item": {
          "ItemId": "Plant_Seeds_Lettuce_Eternal"
        }
      }
    ]
  }
}
